id,full_name,username,email,gender,country,timezone,language,job_title,bio,joined_date,last_login_date,user_status,device_type,subscription_tier,account_balance,email_verified,profile_image_filename,s3_url,rekognition_gender,confidence,age_high,emotion
1,CANDYCE EDISON,candyce.edison600,candyce.edison600@demo.com,Female,France,Europe/Paris,fr,Secondary school teacher,Bar adult yes national administration join partner kind.,2024-01-09,2025-05-20,Active,Mobile,Free,0.0,True,user_00001.jpg,https://synthetic-user-images.s3.us-east-2.amazonaws.com/user_00001.jpg,Male,99.96,41,HAPPY
2,JEDIDA WILMOT,jedida.wilmot411,jedida.wilmot411@demo.com,Female,France,Europe/Paris,fr,Chiropractor,Reflect seem size government share food color relate tend choice have.,2023-11-19,2025-05-20,Active,Mobile,Premium,3858.69,True,user_00002.jpg,https://synthetic-user-images.s3.us-east-2.amazonaws.com/user_00002.jpg,Female,97.18,29,HAPPY
3,NELL MASTERMAN,nell.masterman813,nell.masterman813@demo.com,Female,Japan,Asia/Tokyo,ja,Ergonomist,Right reason prevent middle black PM write world front.,2021-01-28,2025-05-20,Active,Mobile,Premium,3054.99,True,user_00003.jpg,https://synthetic-user-images.s3.us-east-2.amazonaws.com/user_00003.jpg,Male,87.07,26,CALM
4,DEVEN BEVAN,deven.bevan659,deven.bevan659@demo.com,Female,Germany,Europe/Berlin,de,Ergonomist,Red stay throughout think model couple.,2024-01-28,2025-05-20,Active,Web,Free,0.0,True,user_00004.jpg,https://synthetic-user-images.s3.us-east-2.amazonaws.com/user_00004.jpg,Male,99.83,36,HAPPY
5,CHARLOTTE ALWIN,charlotte.alwin259,charlotte.alwin259@demo.com,Female,Brazil,America/Sao_Paulo,pt,Mudlogger,Degree worry decide beautiful pattern appear.,2022-10-29,2025-05-20,Active,Web,Premium,1234.55,True,user_00005.jpg,https://synthetic-user-images.s3.us-east-2.amazonaws.com/user_00005.jpg,Male,99.56,27,HAPPY
6,PERCIVAL BRUCE,percival.bruce267,percival.bruce267@demo.com,Male,Brazil,America/Sao_Paulo,pt,Pension scheme manager,Summer young hand today land say myself.,2022-01-04,2025-05-20,Active,Mobile,Free,0.0,True,user_00006.jpg,https://synthetic-user-images.s3.us-east-2.amazonaws.com/user_00006.jpg,Female,99.99,39,HAPPY
7,SERRENA WALTON,serrena.walton271,serrena.walton271@demo.com,Female,Japan,Asia/Tokyo,ja,"Engineer, materials",Town alone cover we station drop give whatever.,2024-05-22,2025-05-20,Active,Mobile,Free,0.0,True,user_00007.jpg,https://synthetic-user-images.s3.us-east-2.amazonaws.com/user_00007.jpg,Female,98.87,33,HAPPY
8,HENRIETTA HAMILTON,henrietta.hamilton970,henrietta.hamilton970@demo.com,Female,United Kingdom,Europe/London,en,Operational researcher,Concern quickly business range firm effect religious image possible.,2021-06-17,2025-05-20,Active,Mobile,Free,0.0,True,user_00008.jpg,https://synthetic-user-images.s3.us-east-2.amazonaws.com/user_00008.jpg,Male,99.99,43,CALM
9,SCOTTIE LELAND,scottie.leland402,scottie.leland402@demo.com,Male,United Kingdom,Europe/London,en,Firefighter,By white low bag statement involve trade site at.,2025-04-26,2025-05-20,Active,Web,Free,0.0,True,user_00009.jpg,https://synthetic-user-images.s3.us-east-2.amazonaws.com/user_00009.jpg,Female,99.97,29,HAPPY
10,STEPH CHANTAL,steph.chantal231,steph.chantal231@demo.com,Male,Germany,Europe/Berlin,de,Glass blower/designer,Business seem skin want technology go key far stand poor fact.,2022-05-22,2025-05-20,Active,Tablet,Free,0.0,True,user_00010.jpg,https://synthetic-user-images.s3.us-east-2.amazonaws.com/user_00010.jpg,Female,99.67,36,CALM
11,ABAEGAYLE BRADEN,abaegayle.braden307,abaegayle.braden307@demo.com,Female,India,Asia/Kolkata,en,Systems analyst,Woman entire even believe mention later provide once region.,2024-11-04,2025-05-20,Active,Mobile,Free,0.0,True,user_00011.jpg,https://synthetic-user-images.s3.us-east-2.amazonaws.com/user_00011.jpg,Male,99.93,28,CALM
12,ARTIE ARUNDEL,artie.arundel605,artie.arundel605@demo.com,Male,France,Europe/Paris,fr,"Surveyor, rural practice",History appear project threat party hard current.,2020-10-10,2025-05-20,Active,Web,Free,0.0,True,user_00012.jpg,https://synthetic-user-images.s3.us-east-2.amazonaws.com/user_00012.jpg,Female,99.98,26,HAPPY
13,CARON BRUYS,caron.bruys756,caron.bruys756@demo.com,Female,France,Europe/Paris,fr,Theatre director,Decision trial apply computer most six language me that available.,2023-01-11,2025-05-20,Active,Web,Free,0.0,True,user_00013.jpg,https://synthetic-user-images.s3.us-east-2.amazonaws.com/user_00013.jpg,Female,99.92,27,HAPPY
14,OLIVIA PIPER,olivia.piper613,olivia.piper613@demo.com,Female,United States,America/New_York,en,"Radiographer, therapeutic",Themselves fly each she describe leg later when machine talk lay.,2022-10-23,2025-05-20,Active,Web,Free,0.0,True,user_00014.jpg,https://synthetic-user-images.s3.us-east-2.amazonaws.com/user_00014.jpg,Female,99.74,45,HAPPY
15,EMYGDIO PORTER,emygdio.porter361,emygdio.porter361@demo.com,Male,Brazil,America/Sao_Paulo,pt,Cabin crew,President mind use development great.,2024-01-15,2025-05-20,Active,Mobile,Free,0.0,False,user_00015.jpg,https://synthetic-user-images.s3.us-east-2.amazonaws.com/user_00015.jpg,Female,99.99,25,HAPPY
16,MEREDITH BURGESS,meredith.burgess971,meredith.burgess971@demo.com,Male,Japan,Asia/Tokyo,ja,"Loss adjuster, chartered",What he tough born future improve ask film chair.,2021-08-18,2025-05-20,Active,Web,Free,0.0,True,user_00016.jpg,https://synthetic-user-images.s3.us-east-2.amazonaws.com/user_00016.jpg,Male,99.6,33,HAPPY
17,DEANA ONDERDONK,deana.onderdonk825,deana.onderdonk825@demo.com,Female,Germany,Europe/Berlin,de,Soil scientist,Long assume event me stand service across several.,2025-01-23,2025-05-20,Active,Tablet,Premium,4878.06,True,user_00017.jpg,https://synthetic-user-images.s3.us-east-2.amazonaws.com/user_00017.jpg,Male,99.96,53,HAPPY
18,AZURE WARWICK,azure.warwick691,azure.warwick691@demo.com,Female,France,Europe/Paris,fr,Higher education lecturer,Your trial fire buy big difference.,2023-09-09,2025-05-20,Active,Mobile,Free,0.0,True,user_00018.jpg,https://synthetic-user-images.s3.us-east-2.amazonaws.com/user_00018.jpg,Male,92.55,30,HAPPY
19,KAYE KEEGAN,kaye.keegan986,kaye.keegan986@demo.com,Female,Germany,Europe/Berlin,de,Sport and exercise psychologist,Today second glass move police section.,2024-09-15,2025-05-20,Active,Web,Free,0.0,True,user_00019.jpg,https://synthetic-user-images.s3.us-east-2.amazonaws.com/user_00019.jpg,Female,83.11,39,HAPPY
20,EUSEBIO WILLOUGHBY,eusebio.willoughby124,eusebio.willoughby124@demo.com,Male,India,Asia/Kolkata,en,Child psychotherapist,Third common owner of building require catch.,2021-10-31,2025-05-20,Active,Mobile,Premium,1803.45,True,user_00020.jpg,https://synthetic-user-images.s3.us-east-2.amazonaws.com/user_00020.jpg,Female,99.26,47,HAPPY
21,DALTON HOPKIN,dalton.hopkin850,dalton.hopkin850@demo.com,Male,Mexico,America/Mexico_City,es,"Surveyor, insurance",Candidate walk could law organization reveal expect alone call much.,2023-07-20,2025-05-20,Active,Tablet,Free,0.0,True,user_00021.jpg,https://synthetic-user-images.s3.us-east-2.amazonaws.com/user_00021.jpg,Male,99.48,71,HAPPY
22,LONDON EGAN,london.egan385,london.egan385@demo.com,Male,India,Asia/Kolkata,en,Dance movement psychotherapist,Seven knowledge onto ask itself like particularly TV.,2023-09-09,2025-05-20,Active,Mobile,Free,0.0,False,user_00022.jpg,https://synthetic-user-images.s3.us-east-2.amazonaws.com/user_00022.jpg,Female,99.96,42,HAPPY
23,HERNÁN BANNATYNE,hernán.bannatyne145,hernán.bannatyne145@demo.com,Male,India,Asia/Kolkata,en,Land,Item worry about debate table material try door significant.,2022-03-21,2025-05-20,Active,Web,Free,0.0,True,user_00023.jpg,https://synthetic-user-images.s3.us-east-2.amazonaws.com/user_00023.jpg,Female,99.95,28,HAPPY
24,AGUSTÍN HALY,agustín.haly858,agustín.haly858@demo.com,Male,France,Europe/Paris,fr,"Designer, ceramics/pottery",Tax road remain kind study.,2022-05-23,2025-05-20,Active,Mobile,Free,0.0,True,user_00024.jpg,https://synthetic-user-images.s3.us-east-2.amazonaws.com/user_00024.jpg,Male,99.86,40,HAPPY
25,AARÓN KEATON,aarón.keaton834,aarón.keaton834@demo.com,Male,Germany,Europe/Berlin,de,Games developer,Develop foot sister suddenly on back set thus organization young those.,2024-12-09,2025-05-20,Active,Mobile,Premium,2084.43,False,user_00025.jpg,https://synthetic-user-images.s3.us-east-2.amazonaws.com/user_00025.jpg,Female,99.98,38,HAPPY
26,ADDIE SCHUYLER,addie.schuyler353,addie.schuyler353@demo.com,Female,Spain,Europe/Madrid,es,Soil scientist,During discover majority allow responsibility walk attorney.,2020-11-02,2025-05-20,Active,Tablet,Premium,2738.91,True,user_00026.jpg,https://synthetic-user-images.s3.us-east-2.amazonaws.com/user_00026.jpg,Male,99.9,12,HAPPY
27,CHICO GRAFTON,chico.grafton854,chico.grafton854@demo.com,Male,United States,America/New_York,en,Call centre manager,Soldier region our share over little.,2023-01-26,2025-05-20,Active,Web,Premium,2769.91,False,user_00027.jpg,https://synthetic-user-images.s3.us-east-2.amazonaws.com/user_00027.jpg,Male,99.98,56,HAPPY
28,LAMBART BRAXTON,lambart.braxton177,lambart.braxton177@demo.com,Male,Germany,Europe/Berlin,de,Charity fundraiser,In responsibility knowledge fund herself level again lose.,2021-09-13,2025-05-20,Active,Mobile,Free,0.0,False,user_00028.jpg,https://synthetic-user-images.s3.us-east-2.amazonaws.com/user_00028.jpg,Female,99.94,27,HAPPY
29,BONNIE RUSSELL,bonnie.russell954,bonnie.russell954@demo.com,Female,Mexico,America/Mexico_City,es,"Embryologist, clinical",Together song toward discuss talk discuss economy he.,2024-02-03,2025-05-20,Active,Web,Premium,92.42,True,user_00029.jpg,https://synthetic-user-images.s3.us-east-2.amazonaws.com/user_00029.jpg,Male,99.74,29,HAPPY
30,NEVILLE EVERETT,neville.everett543,neville.everett543@demo.com,Male,Spain,Europe/Madrid,es,Investment analyst,Hundred these question order impact mouth talk.,2024-12-13,2025-05-20,Active,Mobile,Premium,1372.56,False,user_00030.jpg,https://synthetic-user-images.s3.us-east-2.amazonaws.com/user_00030.jpg,Female,99.97,41,HAPPY
31,MANNIX WELLER,mannix.weller216,mannix.weller216@demo.com,Male,India,Asia/Kolkata,en,Radio producer,Table discuss respond positive join site world main.,2025-02-03,2025-05-20,Active,Mobile,Free,0.0,True,user_00031.jpg,https://synthetic-user-images.s3.us-east-2.amazonaws.com/user_00031.jpg,Male,99.99,35,CALM
32,BENTON ELMER,benton.elmer631,benton.elmer631@demo.com,Male,India,Asia/Kolkata,en,Horticultural therapist,Wonder war machine approach majority half.,2023-08-07,2025-05-20,Active,Mobile,Free,0.0,False,user_00032.jpg,https://synthetic-user-images.s3.us-east-2.amazonaws.com/user_00032.jpg,Male,99.99,37,HAPPY
33,PERCIVAL ACKERLEY,percival.ackerley751,percival.ackerley751@demo.com,Male,France,Europe/Paris,fr,Pension scheme manager,It enjoy know say suggest wait.,2022-12-11,2025-05-20,Active,Mobile,Free,0.0,True,user_00033.jpg,https://synthetic-user-images.s3.us-east-2.amazonaws.com/user_00033.jpg,Male,99.05,15,HAPPY
34,REXANNE HOPKIN,rexanne.hopkin319,rexanne.hopkin319@demo.com,Female,Spain,Europe/Madrid,es,Tax adviser,Consider number she believe cost something.,2020-09-17,2025-05-20,Active,Web,Premium,4041.04,True,user_00034.jpg,https://synthetic-user-images.s3.us-east-2.amazonaws.com/user_00034.jpg,Male,99.92,52,CONFUSED
35,TERI MACEY,teri.macey956,teri.macey956@demo.com,Female,Brazil,America/Sao_Paulo,pt,Podiatrist,Shake describe than mean.,2021-08-25,2025-05-20,Active,Web,Free,0.0,True,user_00035.jpg,https://synthetic-user-images.s3.us-east-2.amazonaws.com/user_00035.jpg,Female,99.96,36,HAPPY
36,MODESTO SLOANE,modesto.sloane127,modesto.sloane127@demo.com,Male,United States,America/New_York,en,Arts administrator,Full room analysis over painting.,2023-10-27,2025-05-20,Active,Tablet,Free,0.0,True,user_00036.jpg,https://synthetic-user-images.s3.us-east-2.amazonaws.com/user_00036.jpg,Female,97.1,23,HAPPY
37,JERI DUFF,jeri.duff867,jeri.duff867@demo.com,Female,France,Europe/Paris,fr,"Surveyor, planning and development",Strategy citizen list statement thank job only believe.,2024-12-26,2025-05-20,Active,Mobile,Free,0.0,True,user_00037.jpg,https://synthetic-user-images.s3.us-east-2.amazonaws.com/user_00037.jpg,Male,99.94,28,CALM
38,JASMINE GARFIELD,jasmine.garfield815,jasmine.garfield815@demo.com,Female,Canada,America/Toronto,en,"Engineer, manufacturing",None city table society figure.,2022-05-17,2025-05-20,Active,Mobile,Free,0.0,True,user_00038.jpg,https://synthetic-user-images.s3.us-east-2.amazonaws.com/user_00038.jpg,Male,99.97,30,HAPPY
39,AMETHYST RADCLIFF,amethyst.radcliff408,amethyst.radcliff408@demo.com,Female,Brazil,America/Sao_Paulo,pt,Press sub,Measure get clear me prepare trial impact five.,2020-06-29,2025-05-20,Active,Web,Free,0.0,False,user_00039.jpg,https://synthetic-user-images.s3.us-east-2.amazonaws.com/user_00039.jpg,Male,99.96,40,HAPPY
40,JUNIOR ASHBY,junior.ashby132,junior.ashby132@demo.com,Male,Spain,Europe/Madrid,es,"Restaurant manager, fast food",Should control particularly over pass democratic say arm development let.,2022-10-01,2025-05-20,Active,Tablet,Free,0.0,False,user_00040.jpg,https://synthetic-user-images.s3.us-east-2.amazonaws.com/user_00040.jpg,Female,99.99,48,HAPPY
41,BETTINA ALDEN,bettina.alden795,bettina.alden795@demo.com,Female,Germany,Europe/Berlin,de,Historic buildings inspector/conservation officer,Her to modern car provide accept.,2023-07-13,2025-05-20,Active,Mobile,Premium,2939.24,True,user_00041.jpg,https://synthetic-user-images.s3.us-east-2.amazonaws.com/user_00041.jpg,Male,99.96,35,HAPPY
42,PARIS AGAN,paris.agan902,paris.agan902@demo.com,Male,United Kingdom,Europe/London,en,Hydrologist,Center true general citizen pay value season best.,2025-05-19,2025-05-20,Active,Mobile,Free,0.0,True,user_00042.jpg,https://synthetic-user-images.s3.us-east-2.amazonaws.com/user_00042.jpg,Male,99.86,10,SURPRISED
43,NOLAND WELDON,noland.weldon588,noland.weldon588@demo.com,Male,Japan,Asia/Tokyo,ja,Comptroller,Body reality doctor not science staff quickly plan vote.,2022-10-08,2025-05-20,Active,Mobile,Free,0.0,True,user_00043.jpg,https://synthetic-user-images.s3.us-east-2.amazonaws.com/user_00043.jpg,Male,99.52,51,CALM
44,MATTANIAH SPENCER,mattaniah.spencer436,mattaniah.spencer436@demo.com,Male,India,Asia/Kolkata,en,Product/process development scientist,Structure along stay picture likely receive risk still management world sister.,2025-02-21,2025-05-20,Active,Mobile,Free,0.0,False,user_00044.jpg,https://synthetic-user-images.s3.us-east-2.amazonaws.com/user_00044.jpg,Female,99.84,28,CALM
45,CHRYSSA SCHWEIG,chryssa.schweig930,chryssa.schweig930@demo.com,Female,United Kingdom,Europe/London,en,"Geologist, wellsite",Soon collection degree positive know hotel positive hospital population military.,2025-02-25,2025-05-20,Active,Mobile,Premium,959.79,True,user_00045.jpg,https://synthetic-user-images.s3.us-east-2.amazonaws.com/user_00045.jpg,Male,99.97,36,HAPPY
46,AVERY DARBY,avery.darby945,avery.darby945@demo.com,Female,United Kingdom,Europe/London,en,Ophthalmologist,Move candidate special both usually election sometimes.,2025-02-20,2025-05-20,Active,Mobile,Free,0.0,True,user_00046.jpg,https://synthetic-user-images.s3.us-east-2.amazonaws.com/user_00046.jpg,Male,99.79,39,HAPPY
47,IDA NORWOOD,ida.norwood128,ida.norwood128@demo.com,Female,France,Europe/Paris,fr,Counselling psychologist,Bar budget employee hit most any control goal.,2022-08-31,2025-05-20,Active,Mobile,Free,0.0,True,user_00047.jpg,https://synthetic-user-images.s3.us-east-2.amazonaws.com/user_00047.jpg,Female,99.93,39,HAPPY
48,ARLIE WILKINSON,arlie.wilkinson946,arlie.wilkinson946@demo.com,Female,United Kingdom,Europe/London,en,Higher education careers adviser,Walk season person fact able choice she important ever.,2025-02-18,2025-05-20,Active,Mobile,Free,0.0,True,user_00048.jpg,https://synthetic-user-images.s3.us-east-2.amazonaws.com/user_00048.jpg,Female,99.97,28,HAPPY
49,ANSTEY QUINN,anstey.quinn960,anstey.quinn960@demo.com,Female,Spain,Europe/Madrid,es,Research scientist (physical sciences),Expect raise hard letter must line service there.,2022-02-19,2025-05-20,Active,Tablet,Free,0.0,True,user_00049.jpg,https://synthetic-user-images.s3.us-east-2.amazonaws.com/user_00049.jpg,Male,99.91,28,HAPPY
50,AILA WINSLOW,aila.winslow810,aila.winslow810@demo.com,Female,Spain,Europe/Madrid,es,Telecommunications researcher,Success among matter perform authority girl stage school.,2022-01-28,2025-05-20,Active,Mobile,Free,0.0,False,user_00050.jpg,https://synthetic-user-images.s3.us-east-2.amazonaws.com/user_00050.jpg,Female,99.82,29,HAPPY
51,RADCLIFF ADAMS,radcliff.adams332,radcliff.adams332@demo.com,Male,Germany,Europe/Berlin,de,Rural practice surveyor,Group nearly note hot economy our eight kid or voice.,2022-04-26,2025-05-20,Active,Web,Free,0.0,True,user_00051.jpg,https://synthetic-user-images.s3.us-east-2.amazonaws.com/user_00051.jpg,Female,56.99,49,CALM
52,GINNIE KINGSLEY,ginnie.kingsley743,ginnie.kingsley743@demo.com,Female,United States,America/New_York,en,Mental health nurse,Month billion when admit Mr face forward.,2024-11-09,2025-05-20,Active,Mobile,Free,0.0,True,user_00052.jpg,https://synthetic-user-images.s3.us-east-2.amazonaws.com/user_00052.jpg,Female,99.94,25,HAPPY
53,CAPUCINE BANCHO,capucine.bancho467,capucine.bancho467@demo.com,Female,United Kingdom,Europe/London,en,"Teacher, early years/pre",Training serious weight learn political garden everything discuss break between.,2023-01-31,2025-05-20,Active,Mobile,Premium,4624.65,True,user_00053.jpg,https://synthetic-user-images.s3.us-east-2.amazonaws.com/user_00053.jpg,Male,99.98,40,HAPPY
54,ALPIN HOFFMAN,alpin.hoffman294,alpin.hoffman294@demo.com,Male,Japan,Asia/Tokyo,ja,Theatre manager,Country deep deal maintain heart defense administration Mrs.,2024-06-28,2025-05-20,Active,Mobile,Free,0.0,False,user_00054.jpg,https://synthetic-user-images.s3.us-east-2.amazonaws.com/user_00054.jpg,Female,99.94,39,HAPPY
55,PIERCE BARKER,pierce.barker495,pierce.barker495@demo.com,Male,Japan,Asia/Tokyo,ja,"Engineer, maintenance (IT)",House whatever professional machine himself he discussion in read serious.,2020-07-30,2025-05-20,Active,Mobile,Enterprise,3203.73,True,user_00055.jpg,https://synthetic-user-images.s3.us-east-2.amazonaws.com/user_00055.jpg,Male,56.76,42,HAPPY
56,BELITA KELLY,belita.kelly297,belita.kelly297@demo.com,Female,United States,America/New_York,en,Systems developer,Box deep enjoy wear bad.,2020-07-29,2025-05-20,Active,Mobile,Free,0.0,True,user_00056.jpg,https://synthetic-user-images.s3.us-east-2.amazonaws.com/user_00056.jpg,Female,99.99,36,HAPPY
57,ALVY GRANTHAM,alvy.grantham726,alvy.grantham726@demo.com,Male,Japan,Asia/Tokyo,ja,Land,Fall performance travel someone.,2022-02-19,2025-05-20,Active,Mobile,Free,0.0,True,user_00057.jpg,https://synthetic-user-images.s3.us-east-2.amazonaws.com/user_00057.jpg,Male,98.15,35,HAPPY
58,BARTLET CHANTAL,bartlet.chantal293,bartlet.chantal293@demo.com,Male,Germany,Europe/Berlin,de,Photographer,Worker industry service message describe weight.,2024-04-11,2025-05-20,Active,Mobile,Free,0.0,True,user_00058.jpg,https://synthetic-user-images.s3.us-east-2.amazonaws.com/user_00058.jpg,Female,99.66,23,HAPPY
59,HERNANDO ALFORT,hernando.alfort960,hernando.alfort960@demo.com,Male,Germany,Europe/Berlin,de,Claims inspector/assessor,Turn recent despite six name senior.,2022-10-14,2025-05-20,Active,Mobile,Premium,4627.06,True,user_00059.jpg,https://synthetic-user-images.s3.us-east-2.amazonaws.com/user_00059.jpg,Male,99.93,34,HAPPY
60,RORY GARRY,rory.garry284,rory.garry284@demo.com,Male,Japan,Asia/Tokyo,ja,Police officer,Whatever task officer sign huge be kid certain year.,2020-12-01,2025-05-20,Active,Web,Free,0.0,True,user_00060.jpg,https://synthetic-user-images.s3.us-east-2.amazonaws.com/user_00060.jpg,Female,99.5,8,HAPPY
61,RIPLEY JOCELYN,ripley.jocelyn423,ripley.jocelyn423@demo.com,Female,Brazil,America/Sao_Paulo,pt,Claims inspector/assessor,Threat wind grow job happen.,2024-08-16,2025-05-20,Active,Web,Free,0.0,True,user_00061.jpg,https://synthetic-user-images.s3.us-east-2.amazonaws.com/user_00061.jpg,Male,99.94,34,CALM
62,HARMONY MERIWETHER,harmony.meriwether818,harmony.meriwether818@demo.com,Female,United Kingdom,Europe/London,en,Television/film/video producer,Suddenly appear former entire I development.,2020-12-24,2025-05-20,Active,Mobile,Free,0.0,False,user_00062.jpg,https://synthetic-user-images.s3.us-east-2.amazonaws.com/user_00062.jpg,Female,99.91,32,HAPPY
63,BRAEDEN WILBURN,braeden.wilburn256,braeden.wilburn256@demo.com,Male,France,Europe/Paris,fr,Hospital doctor,Top bill step chance ago themselves industry read measure.,2022-12-15,2025-05-20,Active,Web,Free,0.0,True,user_00063.jpg,https://synthetic-user-images.s3.us-east-2.amazonaws.com/user_00063.jpg,Male,99.47,8,HAPPY
64,ALLEEN CADEN,alleen.caden792,alleen.caden792@demo.com,Female,United States,America/New_York,en,Food technologist,Offer listen culture ago respond free newspaper act first field.,2024-08-02,2025-05-20,Active,Web,Free,0.0,False,user_00064.jpg,https://synthetic-user-images.s3.us-east-2.amazonaws.com/user_00064.jpg,Female,99.99,41,CALM
65,NONA BANKER,nona.banker398,nona.banker398@demo.com,Female,Germany,Europe/Berlin,de,Visual merchandiser,Bank if edge yourself reflect issue community.,2025-03-03,2025-05-20,Active,Mobile,Free,0.0,True,user_00065.jpg,https://synthetic-user-images.s3.us-east-2.amazonaws.com/user_00065.jpg,Male,99.99,29,HAPPY
66,THURSTON ARTHUR,thurston.arthur283,thurston.arthur283@demo.com,Male,United States,America/New_York,en,"Psychologist, counselling",Half feel prevent film why indicate third reason.,2022-06-28,2025-05-20,Active,Mobile,Enterprise,1518.59,True,user_00066.jpg,https://synthetic-user-images.s3.us-east-2.amazonaws.com/user_00066.jpg,Female,99.67,51,HAPPY
67,BEATIE HUNTER,beatie.hunter811,beatie.hunter811@demo.com,Female,Mexico,America/Mexico_City,es,Chief of Staff,Participant avoid this find federal its learn lay success yet.,2023-02-28,2025-05-20,Active,Web,Free,0.0,True,user_00067.jpg,https://synthetic-user-images.s3.us-east-2.amazonaws.com/user_00067.jpg,Male,99.96,52,HAPPY
68,ACEY MAVERICK,acey.maverick931,acey.maverick931@demo.com,Male,India,Asia/Kolkata,en,Naval architect,Deal reflect enough hard book up type population behavior investment.,2020-08-10,2025-05-20,Active,Mobile,Free,0.0,False,user_00068.jpg,https://synthetic-user-images.s3.us-east-2.amazonaws.com/user_00068.jpg,Male,97.8,27,HAPPY
69,CARI KENDALL,cari.kendall975,cari.kendall975@demo.com,Female,Canada,America/Toronto,en,Chiropodist,Course to read that family others family official.,2024-01-26,2025-05-20,Active,Mobile,Premium,3546.85,True,user_00069.jpg,https://synthetic-user-images.s3.us-east-2.amazonaws.com/user_00069.jpg,Male,99.97,40,CALM
70,ARCHIE HOWARD,archie.howard542,archie.howard542@demo.com,Male,Brazil,America/Sao_Paulo,pt,Primary school teacher,Real blood article commercial answer born charge.,2021-12-26,2025-05-20,Active,Web,Free,0.0,True,user_00070.jpg,https://synthetic-user-images.s3.us-east-2.amazonaws.com/user_00070.jpg,Female,99.91,38,CALM
71,ARDON WOLSEY,ardon.wolsey234,ardon.wolsey234@demo.com,Male,India,Asia/Kolkata,en,Research scientist (physical sciences),Artist happy approach high understand.,2020-11-11,2025-05-20,Active,Mobile,Free,0.0,False,user_00071.jpg,https://synthetic-user-images.s3.us-east-2.amazonaws.com/user_00071.jpg,Female,99.94,28,HAPPY
72,TERRELL WOODERINGTON,terrell.wooderington701,terrell.wooderington701@demo.com,Male,Canada,America/Toronto,en,Animal technologist,Nice gun son year item win camera lose possible end.,2020-08-08,2025-05-20,Active,Mobile,Free,0.0,True,user_00072.jpg,https://synthetic-user-images.s3.us-east-2.amazonaws.com/user_00072.jpg,Male,99.84,43,HAPPY
73,ASIA GREVILLE,asia.greville203,asia.greville203@demo.com,Male,India,Asia/Kolkata,en,"Pilot, airline",Back rule painting official important reveal.,2022-07-12,2025-05-20,Active,Mobile,Premium,82.79,False,user_00073.jpg,https://synthetic-user-images.s3.us-east-2.amazonaws.com/user_00073.jpg,Female,99.93,30,HAPPY
74,DELINDA JERROLD,delinda.jerrold705,delinda.jerrold705@demo.com,Female,Brazil,America/Sao_Paulo,pt,Operations geologist,Message I note level south point.,2021-11-27,2025-05-20,Active,Web,Free,0.0,True,user_00074.jpg,https://synthetic-user-images.s3.us-east-2.amazonaws.com/user_00074.jpg,Male,99.28,27,HAPPY
75,JORDI BARNETT,jordi.barnett530,jordi.barnett530@demo.com,Male,Germany,Europe/Berlin,de,Garment/textile technologist,Leader chance economic lay quickly sea long wish be.,2022-09-27,2025-05-20,Active,Mobile,Premium,4262.56,True,user_00075.jpg,https://synthetic-user-images.s3.us-east-2.amazonaws.com/user_00075.jpg,Male,99.96,51,HAPPY
76,THADY BALLARD,thady.ballard508,thady.ballard508@demo.com,Male,United Kingdom,Europe/London,en,Environmental consultant,Team best agreement history these still.,2024-07-25,2025-05-20,Active,Web,Free,0.0,False,user_00076.jpg,https://synthetic-user-images.s3.us-east-2.amazonaws.com/user_00076.jpg,Female,99.8,43,HAPPY
77,JUDA CAMPION,juda.campion234,juda.campion234@demo.com,Male,Mexico,America/Mexico_City,es,Health physicist,Part this week north technology operation perform couple.,2024-03-21,2025-05-20,Active,Mobile,Free,0.0,True,user_00077.jpg,https://synthetic-user-images.s3.us-east-2.amazonaws.com/user_00077.jpg,Male,99.97,44,CALM
78,NERISSA KEENAN,nerissa.keenan483,nerissa.keenan483@demo.com,Female,Canada,America/Toronto,en,Video editor,Chair age exist name.,2023-01-11,2025-05-20,Active,Mobile,Premium,791.96,True,user_00078.jpg,https://synthetic-user-images.s3.us-east-2.amazonaws.com/user_00078.jpg,Male,99.98,44,HAPPY
79,BENEDICTA WILKINSON,benedicta.wilkinson791,benedicta.wilkinson791@demo.com,Female,United States,America/New_York,en,Bonds trader,Season environmental money base growth.,2020-05-28,2025-05-20,Active,Mobile,Free,0.0,False,user_00079.jpg,https://synthetic-user-images.s3.us-east-2.amazonaws.com/user_00079.jpg,Male,99.32,28,CALM
80,TEÓDULO DWIGHT,teódulo.dwight166,teódulo.dwight166@demo.com,Male,Spain,Europe/Madrid,es,Retail banker,Its his several hotel man right I.,2021-08-20,2025-05-20,Active,Mobile,Free,0.0,True,user_00080.jpg,https://synthetic-user-images.s3.us-east-2.amazonaws.com/user_00080.jpg,Male,100.0,33,HAPPY
81,BARNABY GUISHART,barnaby.guishart659,barnaby.guishart659@demo.com,Male,United States,America/New_York,en,"Engineer, automotive",Structure development field along need.,2023-05-15,2025-05-20,Active,Mobile,Premium,3694.76,True,user_00081.jpg,https://synthetic-user-images.s3.us-east-2.amazonaws.com/user_00081.jpg,Female,99.91,53,ANGRY
82,CAMERON WILTSHIRE,cameron.wiltshire703,cameron.wiltshire703@demo.com,Male,Japan,Asia/Tokyo,ja,Office manager,Story according represent grow successful.,2023-11-08,2025-05-20,Active,Mobile,Free,0.0,True,user_00082.jpg,https://synthetic-user-images.s3.us-east-2.amazonaws.com/user_00082.jpg,Female,99.96,27,CALM
83,GOITO BAITS,goito.baits172,goito.baits172@demo.com,Male,India,Asia/Kolkata,en,Insurance account manager,Around scene know system ability event everyone happy.,2024-01-14,2025-05-20,Active,Mobile,Free,0.0,True,user_00083.jpg,https://synthetic-user-images.s3.us-east-2.amazonaws.com/user_00083.jpg,Male,85.1,44,HAPPY
84,EIREEN WILSON,eireen.wilson601,eireen.wilson601@demo.com,Female,Brazil,America/Sao_Paulo,pt,Community pharmacist,Almost yeah data attorney test either.,2021-07-08,2025-05-20,Active,Web,Free,0.0,True,user_00084.jpg,https://synthetic-user-images.s3.us-east-2.amazonaws.com/user_00084.jpg,Female,99.99,48,HAPPY
85,HANNAH KIRBY,hannah.kirby430,hannah.kirby430@demo.com,Female,Japan,Asia/Tokyo,ja,Radio producer,Performance success account your so challenge.,2021-06-15,2025-05-20,Active,Mobile,Free,0.0,False,user_00085.jpg,https://synthetic-user-images.s3.us-east-2.amazonaws.com/user_00085.jpg,Female,99.88,43,HAPPY
86,JORGE CAMERON,jorge.cameron253,jorge.cameron253@demo.com,Male,India,Asia/Kolkata,en,Psychotherapist,Couple official work buy contain change another though.,2020-06-01,2025-05-20,Active,Mobile,Premium,3211.07,True,user_00086.jpg,https://synthetic-user-images.s3.us-east-2.amazonaws.com/user_00086.jpg,Male,99.99,39,HAPPY
87,TERI ALDOUS,teri.aldous868,teri.aldous868@demo.com,Female,Mexico,America/Mexico_City,es,IT consultant,Finally I knowledge life billion sometimes.,2022-07-29,2025-05-20,Active,Web,Free,0.0,True,user_00087.jpg,https://synthetic-user-images.s3.us-east-2.amazonaws.com/user_00087.jpg,Female,96.66,32,CALM
88,BLAIZE FINLAY,blaize.finlay509,blaize.finlay509@demo.com,Male,Germany,Europe/Berlin,de,Sports administrator,Order movie indicate process stand wear investment he.,2021-08-07,2025-05-20,Active,Web,Premium,1128.91,False,user_00088.jpg,https://synthetic-user-images.s3.us-east-2.amazonaws.com/user_00088.jpg,Male,99.99,58,CALM
89,JONATHON BRUCE,jonathon.bruce324,jonathon.bruce324@demo.com,Male,India,Asia/Kolkata,en,Copy,Since finish paper interest card.,2025-01-04,2025-05-20,Active,Web,Premium,4022.56,False,user_00089.jpg,https://synthetic-user-images.s3.us-east-2.amazonaws.com/user_00089.jpg,Male,99.84,35,CALM
90,KATEE MÉRAUD,katee.méraud856,katee.méraud856@demo.com,Female,Germany,Europe/Berlin,de,Facilities manager,With spring long development professional career anything item close effect.,2022-11-04,2025-05-20,Active,Tablet,Free,0.0,True,user_00090.jpg,https://synthetic-user-images.s3.us-east-2.amazonaws.com/user_00090.jpg,Male,99.85,61,CALM
91,HOPE CLARK,hope.clark788,hope.clark788@demo.com,Female,France,Europe/Paris,fr,Editorial assistant,Lead fly figure seven fear pull entire management.,2022-01-26,2025-05-20,Active,Mobile,Free,0.0,True,user_00091.jpg,https://synthetic-user-images.s3.us-east-2.amazonaws.com/user_00091.jpg,Female,99.99,25,HAPPY
92,DARIAN GAGE,darian.gage682,darian.gage682@demo.com,Female,Brazil,America/Sao_Paulo,pt,Music therapist,Peace either thank strong water watch.,2024-05-22,2025-05-20,Active,Mobile,Premium,3303.7,False,user_00092.jpg,https://synthetic-user-images.s3.us-east-2.amazonaws.com/user_00092.jpg,Female,99.93,34,CALM
93,GERALDINE DARDEN,geraldine.darden462,geraldine.darden462@demo.com,Female,France,Europe/Paris,fr,Banker,Herself music entire according.,2021-03-21,2025-05-20,Active,Web,Free,0.0,True,user_00093.jpg,https://synthetic-user-images.s3.us-east-2.amazonaws.com/user_00093.jpg,Male,99.73,36,HAPPY
94,ALVYN BRUCE,alvyn.bruce579,alvyn.bruce579@demo.com,Male,Brazil,America/Sao_Paulo,pt,Politician's assistant,Meet no force manager happen big our.,2023-06-06,2025-05-20,Active,Mobile,Free,0.0,True,user_00094.jpg,https://synthetic-user-images.s3.us-east-2.amazonaws.com/user_00094.jpg,Female,59.94,27,HAPPY
95,CHANTALE ATWOOD,chantale.atwood609,chantale.atwood609@demo.com,Female,Spain,Europe/Madrid,es,Occupational hygienist,Heart artist herself amount participant manage.,2024-01-28,2025-05-20,Active,Web,Free,0.0,True,user_00095.jpg,https://synthetic-user-images.s3.us-east-2.amazonaws.com/user_00095.jpg,Female,99.91,36,HAPPY
96,AYLMER GREER,aylmer.greer895,aylmer.greer895@demo.com,Male,Germany,Europe/Berlin,de,"Therapist, occupational",Already understand small owner two type war.,2023-10-13,2025-05-20,Active,Web,Free,0.0,True,user_00096.jpg,https://synthetic-user-images.s3.us-east-2.amazonaws.com/user_00096.jpg,Female,99.22,28,HAPPY
97,MINTA CHANDLER,minta.chandler395,minta.chandler395@demo.com,Female,Germany,Europe/Berlin,de,Estate agent,North remain method professional from why role produce activity.,2020-08-07,2025-05-20,Active,Mobile,Premium,3515.55,True,user_00097.jpg,https://synthetic-user-images.s3.us-east-2.amazonaws.com/user_00097.jpg,Male,99.9,51,HAPPY
98,BEVIN HERLIHY,bevin.herlihy672,bevin.herlihy672@demo.com,Female,United Kingdom,Europe/London,en,"Journalist, newspaper",Third physical beautiful rate read site citizen.,2023-06-22,2025-05-20,Active,Mobile,Free,0.0,False,user_00098.jpg,https://synthetic-user-images.s3.us-east-2.amazonaws.com/user_00098.jpg,Female,99.87,40,HAPPY
99,TENNYSON WINTERTON,tennyson.winterton702,tennyson.winterton702@demo.com,Male,Spain,Europe/Madrid,es,Research scientist (life sciences),Force financial win play list business.,2023-09-01,2025-05-20,Active,Mobile,Free,0.0,True,user_00099.jpg,https://synthetic-user-images.s3.us-east-2.amazonaws.com/user_00099.jpg,Male,99.99,46,HAPPY
100,NOVA CAMPION,nova.campion286,nova.campion286@demo.com,Female,Germany,Europe/Berlin,de,Hospital pharmacist,Factor carry and office act traditional any.,2021-04-14,2025-05-20,Active,Mobile,Free,0.0,True,user_00100.jpg,https://synthetic-user-images.s3.us-east-2.amazonaws.com/user_00100.jpg,Male,99.92,65,CALM
